"ID","Description","GeneRatio","BgRatio","pvalue","p.adjust","qvalue","geneID","Count"
"GO:0006259","DNA metabolic process","6/23","867/29008",4.57410793575759e-05,0.0452836685640002,0.0320669040548901,"108655/18768/77011/18140/21973/97165",6
"GO:0050678","regulation of epithelial cell proliferation","4/23","403/29008",0.000263628503481667,0.0463707644714235,0.0328367135969889,"108655/18140/240725/97165",4
"GO:0039694","viral RNA genome replication","2/23","32/29008",0.000293984714930724,0.0463707644714235,0.0328367135969889,"18521/21973",2
"GO:0006974","cellular response to DNA damage stimulus","5/23","770/29008",0.000294123435639682,0.0463707644714235,0.0328367135969889,"12795/108655/77011/18140/21973",5
"GO:0045892","negative regulation of transcription, DNA-templated","6/23","1237/29008",0.000320842140990701,0.0463707644714235,0.0328367135969889,"12795/108655/11878/18140/97165/18991",6
"GO:1903507","negative regulation of nucleic acid-templated transcription","6/23","1241/29008",0.000326458043265479,0.0463707644714235,0.0328367135969889,"12795/108655/11878/18140/97165/18991",6
"GO:1902679","negative regulation of RNA biosynthetic process","6/23","1242/29008",0.000327874092222187,0.0463707644714235,0.0328367135969889,"12795/108655/11878/18140/97165/18991",6
