"ID","Description","GeneRatio","BgRatio","pvalue","p.adjust","qvalue","geneID","Count"
"GO:0046916","cellular transition metal ion homeostasis","3/25","111/29008",0.000117947069037046,0.0433085137448171,0.0292800392455332,"53945/17752/227358",3
"GO:0007167","enzyme linked receptor protein signaling pathway","6/25","960/29008",0.000133489328157161,0.0433085137448171,0.0292800392455332,"18590/13390/170676/22637/69178/227358",6
"GO:0046628","positive regulation of insulin receptor signaling pathway","2/25","25/29008",0.000211335533684716,0.0433085137448171,0.0292800392455332,"69178/227358",2
"GO:0055076","transition metal ion homeostasis","3/25","138/29008",0.00022439849083602,0.0433085137448171,0.0292800392455332,"53945/17752/227358",3
"GO:0031327","negative regulation of cellular biosynthetic process","7/25","1558/29008",0.000259766225227972,0.0433085137448171,0.0292800392455332,"18590/381319/13390/30927/53376/20473/227358",7
"GO:1900078","positive regulation of cellular response to insulin stimulus","2/25","30/29008",0.000305628244640767,0.0433085137448171,0.0292800392455332,"69178/227358",2
"GO:0009890","negative regulation of biosynthetic process","7/25","1602/29008",0.000308089020542398,0.0433085137448171,0.0292800392455332,"18590/381319/13390/30927/53376/20473/227358",7
