"ID","Description","GeneRatio","BgRatio","pvalue","p.adjust","qvalue","geneID","Count"
"GO:0060429","epithelium development","7/23","1227/29008",3.21502185369688e-05,0.0210917790450225,0.0136346123318633,"13167/15377/72388/16456/12550/22323/14739",7
"GO:0031532","actin cytoskeleton reorganization","3/23","110/29008",8.8904586055131e-05,0.0210917790450225,0.0136346123318633,"16456/12550/14739",3
"GO:0006089","lactate metabolic process","2/23","19/29008",0.000101991194608426,0.0210917790450225,0.0136346123318633,"11474/16832",2
"GO:1901550","regulation of endothelial cell development","2/23","19/29008",0.000101991194608426,0.0210917790450225,0.0136346123318633,"16456/14739",2
"GO:1903140","regulation of establishment of endothelial barrier","2/23","19/29008",0.000101991194608426,0.0210917790450225,0.0136346123318633,"16456/14739",2
"GO:0019674","NAD metabolic process","2/23","25/29008",0.000178414715853191,0.0307468026986999,0.0198760253625923,"11474/16832",2
"GO:0030036","actin cytoskeleton organization","5/23","727/29008",0.000225514252296888,0.0328790385261805,0.0212543922061739,"11474/16456/12550/22323/14739",5
"GO:0030856","regulation of epithelial cell differentiation","3/23","157/29008",0.000254383276798302,0.0328790385261805,0.0212543922061739,"15377/16456/14739",3
"GO:0030029","actin filament-based process","5/23","814/29008",0.000379761212447013,0.0436303437411346,0.028204487708053,"11474/16456/12550/22323/14739",5
