"ID","Description","GeneRatio","BgRatio","pvalue","p.adjust","qvalue","geneID","Count"
"GO:0061061","muscle structure development","7/37","708/29008",2.72556936796265e-05,0.03502356637832,0.0253047598162427,"217012/16691/68760/17127/15902/20661/67220",7
"GO:0032989","cellular component morphogenesis","7/37","848/29008",8.51991236059794e-05,0.0370240242603648,0.0267501039505565,"211134/17196/17965/16691/68760/67220/76884",7
"GO:0009415","response to water","2/37","11/29008",8.64374107245872e-05,0.0370240242603648,0.0267501039505565,"329064/16691",2
"GO:0045595","regulation of cell differentiation","9/37","1672/29008",0.000196372162064775,0.0384060220889268,0.0277486065799168,"17196/14531/17965/12741/17127/15902/20661/59009/27140",9
"GO:0042692","muscle cell differentiation","5/37","428/29008",0.00020179754078257,0.0384060220889268,0.0277486065799168,"16691/68760/15902/20661/67220",5
"GO:0051336","regulation of hydrolase activity","7/37","997/29008",0.000231606805963541,0.0384060220889268,0.0277486065799168,"17196/75687/17127/20661/59009/77976/76884",7
"GO:0097191","extrinsic apoptotic signaling pathway","4/37","238/29008",0.000235901083993518,0.0384060220889268,0.0277486065799168,"16691/17127/20661/59009",4
"GO:0035633","maintenance of blood-brain barrier","2/37","18/29008",0.000239103639464136,0.0384060220889268,0.0277486065799168,"17196/12741",2
