"ID","Description","GeneRatio","BgRatio","pvalue","p.adjust","qvalue","geneID","Count"
"GO:0097501","stress response to metal ion","2/36","10/29008",6.69648735997563e-05,0.0350312939894684,0.0256491169865086,"17752/17748",2
"GO:0060429","epithelium development","8/36","1227/29008",0.000105192816426804,0.0350312939894684,0.0256491169865086,"19116/15110/53945/22323/14739/12739/72388/13544",8
"GO:0071294","cellular response to zinc ion","2/36","14/29008",0.000134995352560572,0.0350312939894684,0.0256491169865086,"17752/17748",2
"GO:1904948","midbrain dopaminergic neuron differentiation","2/36","14/29008",0.000134995352560572,0.0350312939894684,0.0256491169865086,"104318/13544",2
"GO:0071280","cellular response to copper ion","2/36","18/29008",0.000226262266789631,0.0469720465855275,0.034391864552024,"17752/17748",2
