"ID","Description","GeneRatio","BgRatio","pvalue","p.adjust","qvalue","geneID","Count"
"GO:0048585","negative regulation of response to stimulus","11/40","1656/29008",1.00775740835959e-05,0.0124861142895754,0.0095047435567389,"14776/21838/18793/56811/11535/76365/15937/16475/18784/19415/69178",11
"GO:0009968","negative regulation of signal transduction","9/40","1261/29008",4.3498032872794e-05,0.0269470313646959,0.0205127565547492,"21838/18793/56811/11535/76365/15937/16475/19415/69178",9
"GO:0010648","negative regulation of cell communication","9/40","1393/29008",9.37758262640041e-05,0.0293674525657041,0.0223552419173959,"21838/18793/56811/11535/76365/15937/16475/19415/69178",9
"GO:0023057","negative regulation of signaling","9/40","1395/29008",9.48101777746702e-05,0.0293674525657041,0.0223552419173959,"21838/18793/56811/11535/76365/15937/16475/19415/69178",9
"GO:0060670","branching involved in labyrinthine layer morphogenesis","2/40","14/29008",0.000166952847429128,0.041370915592938,0.0314925792203156,"11535/19143",2
