"ID","Description","GeneRatio","BgRatio","pvalue","p.adjust","qvalue","geneID","Count"
"GO:0042552","myelination","4/28","173/29008",2.23695154358664e-05,0.00820756501038401,0.00549102093682281,"21367/17196/18991/12741",4
"GO:0007272","ensheathment of neurons","4/28","176/29008",2.39287609632187e-05,0.00820756501038401,0.00549102093682281,"21367/17196/18991/12741",4
"GO:0008366","axon ensheathment","4/28","176/29008",2.39287609632187e-05,0.00820756501038401,0.00549102093682281,"21367/17196/18991/12741",4
"GO:0051093","negative regulation of developmental process","7/28","1003/29008",3.62353440761817e-05,0.00932154226359773,0.00623629342784811,"21804/108655/20473/21367/17196/20416/12741",7
"GO:0035633","maintenance of blood-brain barrier","2/28","18/29008",0.000136157169829162,0.0242402531727874,0.016217201754389,"17196/12741",2
"GO:0048661","positive regulation of smooth muscle cell proliferation","3/28","105/29008",0.000141342584097886,0.0242402531727874,0.016217201754389,"108655/20416/18105",3
"GO:0072567","chemokine (C-X-C motif) ligand 2 production","2/28","26/29008",0.000287844287663,0.0370239715006533,0.0247697584383687,"108655/17196",2
"GO:2000341","regulation of chemokine (C-X-C motif) ligand 2 production","2/28","26/29008",0.000287844287663,0.0370239715006533,0.0247697584383687,"108655/17196",2
"GO:0030855","epithelial cell differentiation","5/28","656/29008",0.00037188733667534,0.0425191188265472,0.0284461190860436,"21804/108655/20473/18991/12741",5
