"ID","Description","GeneRatio","BgRatio","pvalue","p.adjust","qvalue","geneID","Count"
"GO:0009887","animal organ morphogenesis","6/20","1131/29008",8.3921247639554e-05,0.0394708284305755,0.0260289107950819,"20664/21407/20378/15902/21677/17965",6
"GO:0048339","paraxial mesoderm development","2/20","22/29008",0.000103462197721037,0.0394708284305755,0.0260289107950819,"21407/21677",2
