"ID","Description","GeneRatio","BgRatio","pvalue","p.adjust","qvalue","geneID","Count"
"GO:0007517","muscle organ development","5/20","360/29008",3.80837487861867e-06,0.00222790247709838,0.00156974452970429,"15903/53599/11459/21407/13207",5
"GO:0061061","muscle structure development","6/20","708/29008",5.98898515349027e-06,0.00222790247709838,0.00156974452970429,"15903/68794/53599/11459/21407/13207",6
"GO:0043517","positive regulation of DNA damage response, signal transduction by p53 class mediator","2/20","13/29008",3.5065583095249e-05,0.00869626460762175,0.00612724925664351,"58801/13207",2
"GO:0045667","regulation of osteoblast differentiation","3/20","158/29008",0.00016884385497735,0.025129672725202,0.0177059663513732,"15903/15901/13207",3
"GO:1901798","positive regulation of signal transduction by p53 class mediator","2/20","28/29008",0.000168882209174745,0.025129672725202,0.0177059663513732,"58801/13207",2
"GO:0043516","regulation of DNA damage response, signal transduction by p53 class mediator","2/20","34/29008",0.000250021590689677,0.0310026772455199,0.0218439916076244,"58801/13207",2
"GO:0001649","osteoblast differentiation","3/20","220/29008",0.000445957328680538,0.0425832877284843,0.0300035049360288,"15903/15901/13207",3
"GO:0007623","circadian rhythm","3/20","222/29008",0.000457884814284777,0.0425832877284843,0.0300035049360288,"15903/15901/13207",3
