"ID","Description","GeneRatio","BgRatio","pvalue","p.adjust","qvalue","geneID","Count"
"GO:0030900","forebrain development","5/26","400/29008",2.51926408554814e-05,0.026956125715365,0.0196502598672755,"65100/20664/18991/320790/11878",5
