"ID","Description","GeneRatio","BgRatio","pvalue","p.adjust","qvalue","geneID","Count"
"GO:1905048","regulation of metallopeptidase activity","3/24","13/29008",1.41533920592983e-07,0.000142949259798913,9.1177641476743e-05,"12739/17196/21859",3
"GO:0030855","epithelial cell differentiation","5/24","656/29008",0.000173305922428022,0.0425484555366157,0.0271387751833338,"108655/21804/211323/170644/12739",5
"GO:0003158","endothelium development","3/24","133/29008",0.000177725998929467,0.0425484555366157,0.0271387751833338,"108655/211323/12739",3
"GO:0072567","chemokine (C-X-C motif) ligand 2 production","2/24","26/29008",0.000210635918498097,0.0425484555366157,0.0271387751833338,"108655/17196",2
"GO:2000341","regulation of chemokine (C-X-C motif) ligand 2 production","2/24","26/29008",0.000210635918498097,0.0425484555366157,0.0271387751833338,"108655/17196",2
"GO:0048585","negative regulation of response to stimulus","7/24","1656/29008",0.000285511531606576,0.0480611078204404,0.0306549223409166,"108655/21804/211323/12739/17965/12957/21859",7
