"ID","Description","GeneRatio","BgRatio","pvalue","p.adjust","qvalue","geneID","Count"
"GO:0010035","response to inorganic substance","5/25","520/29008",7.17064882429523e-05,0.0376000963886981,0.0247051236274214,"18104/15902/17748/56458/14694",5
"GO:0034599","cellular response to oxidative stress","4/25","271/29008",8.07434407619834e-05,0.0376000963886981,0.0247051236274214,"18104/228026/56458/14694",4
"GO:0048339","paraxial mesoderm development","2/25","22/29008",0.000162986482065259,0.0376000963886981,0.0247051236274214,"21407/21677",2
"GO:0062197","cellular response to chemical stress","4/25","333/29008",0.000178316915272137,0.0376000963886981,0.0247051236274214,"18104/228026/56458/14694",4
"GO:0090090","negative regulation of canonical Wnt signaling pathway","3/25","133/29008",0.00020128531257333,0.0376000963886981,0.0247051236274214,"67457/20378/56458",3
"GO:0045598","regulation of fat cell differentiation","3/25","148/29008",0.000275642253787399,0.0429083108395718,0.0281928831505357,"20378/15902/56458",3
"GO:0006979","response to oxidative stress","4/25","407/29008",0.000382454377411972,0.0429275111525225,0.0282054987060979,"18104/228026/56458/14694",4
"GO:0030178","negative regulation of Wnt signaling pathway","3/25","167/29008",0.000392676546665683,0.0429275111525225,0.0282054987060979,"67457/20378/56458",3
"GO:0030183","B cell differentiation","3/25","170/29008",0.000413648394403322,0.0429275111525225,0.0282054987060979,"15902/17305/21985",3
