"ID","Description","GeneRatio","BgRatio","pvalue","p.adjust","qvalue","geneID","Count"
"GO:0042063","gliogenesis","7/38","344/29008",2.85546657035462e-07,0.000311816949482725,0.000245570125050497,"11923/18991/14268/20732/18424/50914/243914",7
"GO:0010001","glial cell differentiation","6/38","255/29008",9.48843141085988e-07,0.000518068355032949,0.000408002550666975,"11923/18991/20732/18424/50914/243914",6
"GO:0048854","brain morphogenesis","3/38","44/29008",2.64659281712887e-05,0.00963359785434907,0.00758689940910275,"19165/18424/211651",3
"GO:0045165","cell fate commitment","5/38","288/29008",3.57600819641241e-05,0.00976250237620588,0.00768841762228668,"19165/11923/18424/18012/50914",5
"GO:0035881","amacrine cell differentiation","2/38","11/29008",9.12206159041164e-05,0.019922582513459,0.015689945935508,"11923/18012",2
"GO:0022008","neurogenesis","10/38","1879/29008",0.000112235362030614,0.0204268358895717,0.0160870685577213,"11923/20416/18991/235472/14268/20732/18424/18012/50914/243914",10
"GO:0048598","embryonic morphogenesis","6/38","661/29008",0.000202992879519264,0.0316668892050051,0.024939125198081,"19165/14268/20732/18424/18012/240725",6
"GO:0048699","generation of neurons","9/38","1750/29008",0.000342664887148768,0.0467737570958068,0.0368364753684925,"11923/20416/235472/14268/20732/18424/18012/50914/243914",9
