"ID","Description","GeneRatio","BgRatio","pvalue","p.adjust","qvalue","geneID","Count"
"GO:0030182","neuron differentiation","7/25","1570/29008",0.000272286861701561,0.0473148498390019,0.0349968950706113,"16876/20980/18053/18121/27140/11735/19266",7
"GO:0048812","neuron projection morphogenesis","5/25","710/29008",0.000306403587826795,0.0473148498390019,0.0349968950706113,"20980/18053/18121/11735/19266",5
"GO:0000902","cell morphogenesis","6/25","1135/29008",0.000330649706177863,0.0473148498390019,0.0349968950706113,"170736/20980/18053/18121/11735/19266",6
"GO:0120039","plasma membrane bounded cell projection morphogenesis","5/25","725/29008",0.00033732020315759,0.0473148498390019,0.0349968950706113,"20980/18053/18121/11735/19266",5
"GO:0120036","plasma membrane bounded cell projection organization","7/25","1630/29008",0.000342463900306948,0.0473148498390019,0.0349968950706113,"170736/20980/18053/18121/11735/102747/19266",7
"GO:0048858","cell projection morphogenesis","5/25","730/29008",0.000348135833089712,0.0473148498390019,0.0349968950706113,"20980/18053/18121/11735/19266",5
"GO:0040036","regulation of fibroblast growth factor receptor signaling pathway","2/25","33/29008",0.000370382143402375,0.0473148498390019,0.0349968950706113,"18053/18121",2
"GO:0032990","cell part morphogenesis","5/25","753/29008",0.000401327624932101,0.0473148498390019,0.0349968950706113,"20980/18053/18121/11735/19266",5
"GO:0030030","cell projection organization","7/25","1677/29008",0.000407106738576498,0.0473148498390019,0.0349968950706113,"170736/20980/18053/18121/11735/102747/19266",7
